insert into real_estate.realtor (
    realtor_id, from_company_flg, checked_realtor_flg, request_got_cnt, realtor_rate
) values 
(1, true, true, 10, 8.5),
(2, false, false, 2, 7.2),
(3, true, true, 5, 9.1),
(4, false, true, 15, 6.8),
(5, true, false, 8, 8.9),
(6, false, true, 3, 7.6),
(7, true, true, 20, 9.5),
(8, false, false, 1, 6.0),
(9, true, false, 4, 8.1),
(10, false, true, 12, 7.9),
(11, true, true, 7, 9.2),
(12, false, false, 0, 5.5),
(13, true, false, 6, 8.3),
(14, false, true, 18, 7.1),
(15, true, true, 11, 9.0),
(16, false, false, 3, 6.5),
(17, true, false, 9, 8.7),
(18, false, true, 13, 7.8),
(19, true, true, 16, 9.3),
(20, false, false, 5, 6.9);


insert into real_estate.realtor_history (
    change_id, change_dttm, realtor_id, new_from_company_flg, 
    new_checked_realtor_flg, new_request_got_cnt, new_realtor_rate
) values 
(1, '2022-01-01 10:00:00', 1, true, true, 12, 8.7),
(2, '2022-01-02 11:00:00', 2, true, false, 3, 6.5),
(3, '2022-01-03 12:00:00', 3, false, true, 7, 9.0),
(4, '2022-01-04 13:00:00', 4, true, false, 18, 7.1),
(5, '2022-01-05 14:00:00', 5, false, true, 10, 8.0),
(6, '2022-01-06 15:00:00', 6, true, true, 5, 7.8),
(7, '2022-01-07 16:00:00', 7, false, false, 0, 5.5),
(8, '2022-01-08 17:00:00', 8, true, true, 3, 8.2),
(9, '2022-01-09 18:00:00', 9, false, false, 1, 6.0),
(10, '2022-01-10 19:00:00', 10, true, false, 9, 7.9),
(11, '2022-01-11 20:00:00', 11, false, true, 13, 8.1),
(12, '2022-01-12 21:00:00', 12, true, true, 6, 8.3),
(13, '2022-01-13 22:00:00', 13, false, false, 2, 7.2),
(14, '2022-01-14 23:00:00', 14, true, false, 11, 8.9),
(15, '2022-01-15 00:00:00', 15, false, true, 20, 9.5),
(16, '2022-01-16 01:00:00', 16, true, true, 8, 8.5),
(17, '2022-01-17 02:00:00', 17, false, false, 4, 6.8),
(18, '2022-01-18 03:00:00', 18, true, true, 14, 7.6),
(19, '2022-01-19 04:00:00', 19, false, false, 5, 6.9),
(20, '2022-01-20 05:00:00', 20, true, true, 16, 9.3);


insert into real_estate.client (
    client_id, request_sent_cnt
) values 
(1, 5),
(2, 8),
(3, 2),
(4, 3),
(5, 1),
(6, 0),
(7, 7),
(8, 4),
(9, 9),
(10, 1),
(11, 6),
(12, 2),
(13, 3),
(14, 1),
(15, 0),
(16, 6),
(17, 8),
(18, 4),
(19, 9),
(20, 7),
(21, 2),
(22, 5),
(23, 8),
(24, 0),
(25, 7),
(26, 4),
(27, 3),
(28, 6),
(29, 1),
(30, 9);


insert into real_estate.client_history (
    change_id, change_dttm, client_id, new_request_sent_cnt
) values  
(1, '2021-05-01 10:00:00', 1, 6),
(2, '2021-05-02 11:30:00', 2, 10),
(3, '2021-05-03 09:45:00', 3, 3),
(4, '2021-05-04 14:20:00', 4, 5),
(5, '2021-05-05 08:15:00', 5, 2),
(6, '2021-05-06 16:00:00', 6, 1),
(7, '2021-05-07 13:10:00', 7, 9),
(8, '2021-05-08 09:00:00', 8, 6),
(9, '2021-05-09 12:30:00', 9, 12),
(10, '2021-05-10 15:45:00', 10, 3),
(11, '2021-05-11 11:20:00', 11, 8),
(12, '2021-05-12 14:50:00', 12, 4),
(13, '2021-05-13 10:15:00', 13, 6),
(14, '2021-05-14 12:00:00', 14, 3),
(15, '2021-05-15 08:30:00', 15, 2),
(16, '2021-05-16 13:40:00', 16, 9),
(17, '2021-05-17 10:50:00', 17, 11),
(18, '2021-05-18 15:20:00', 18, 5),
(19, '2021-05-19 09:25:00', 19, 13),
(20, '2021-05-20 14:15:00', 20, 8);


insert into real_estate.account (
    account_id, 
    online_flg, 
    telephone_no,
    email,
    client_id,
    realtor_id,
    registration_dttm,
    complaint_cnt,
    transaction_cnt,
    first_name,
    second_name
) values 

(1, true, '254-345-4424', 'arebenti@att.net', 1, null, '2018-09-24 21:22:28', 0, 0, 'John', 'Smith'), 
(2, true, '816-243-7939', 'manuals@yahoo.com', 2, null, '2019-05-15 17:52:37', 0, 1, 'Jane', 'Doe'), 
(3, false, '267-453-2644', 'codex@live.com', 3, null, '2019-01-30 16:44:49', 0, 2, 'Jake', 'Williams'),
(4, false, '541-339-9071', 'hedwig@icloud.com', 4, null, '2018-07-05 10:37:22', 0, 3, 'Emma', 'Jones'),
(5, true, '615-843-9583', 'mfleming@mac.com', 5, null, '2019-04-09 01:52:21', 0, 1, 'Noah', 'Brown'), 
(6, false, '218-656-3460', 'kspiteri@yahoo.ca', 6, null, '2019-01-23 02:52:34', 0, 0, 'Olivia', 'Davis'), 
(7, true, '909-786-4522', 'vganesh@optonline.net', 7, null, '2018-09-14 12:35:46', 1, 3, 'Liam', 'Miller'), 
(8, true, '218-783-3727', 'isorashi@me.com', 8, null, '2019-11-25 23:47:21', 0, 2, 'Sophia', 'Wilson'),
(9, true, '906-863-8071', 'ullman@verizon.net', 9, null, '2018-08-09 02:16:30', 1, 2, 'Mason', 'Moore'),
(10, false, '714-386-3626', 'wainwrig@msn.com', 10, null, '2019-09-28 00:53:58', 0, 3, 'Ava', 'Taylor'),
(11, true, '218-229-5872', 'formis@gmail.com', 11, 1, '2018-10-11 00:31:49', 0, 5, 'Jacob', 'Anderson'),
(12, false, '901-579-9158', 'claesjac@att.net', 12, 2, '2019-04-09 14:23:11', 1, 9, 'Isabella', 'Thomas'),
(13, false, '850-963-1284', 'tlinden@yahoo.ca', 13, 3, '2018-06-28 21:30:48', 0, 10, 'William', 'Jackson'),
(14, true, '316-277-6429', 'cumarana@hotmail.com', 14, 4, '2018-07-30 16:20:24', 2, 24, 'Mia', 'White'),
(15, false, '351-833-5736', 'kannan@mac.com', 15, 5, '2019-11-07 15:29:27', 0, 12, 'Alexander', 'Harris'),
(16, false, '802-522-4001', 'afeldspar@icloud.com', 16, 6, '2019-09-05 11:47:10', 1, 13, 'Charlotte', 'Martin'),
(17, true, '234-536-8916', 'burniske@me.com', 17, 7, '2019-07-14 07:33:28', 0, 17, 'James', 'Thompson'),
(18, false, '972-595-2285', 'muadip@me.com', 18, 8, '2019-03-05 09:02:38', 3, 14, 'Abigail', 'Garcia'),
(19, false, '856-595-3495', 'michiel@gmail.com', 19, 9, '2019-03-01 09:31:21', 2, 19, 'Michael', 'Martinez'),
(20, false, '937-447-5949', 'samavati@yahoo.ca', 20, 10, '2018-08-06 18:37:28', 0, 12, 'Emily', 'Robinson'),
(21, true, '915-937-9884', 'eegsa@gmail.com', 21, 11, '2019-02-12 20:09:39', 0, 15, 'Benjamin', 'Clark'),
(22, true, '651-875-1575', 'andale@optonline.net', 22, 12, '2018-10-19 01:51:59', 1, 8, 'Harper', 'Rodriguez'),
(23, false, '224-825-9198', 'pappp@me.com', 23, 13, '2019-01-28 04:00:42', 0, 9, 'Joshua', 'Lewis'),
(24, false, '878-842-3159', 'jusdisgi@sbcglobal.net', 24, 14, '2018-03-14 17:50:51', 1, 20, 'Madison', 'Walker'),
(25, true, '760-229-8650', 'danny@gmail.com', 25, 15, '2018-10-29 17:30:12', 0, 27, 'Daniel', 'Hall'),
(26, false, '804-596-7404', 'cantu@live.com', 26, 16, '2018-06-15 18:11:29', 3, 16, 'Ella', 'Allen'),
(27, true, '270-387-9076', 'jmorris@me.com', 27, 17, '2018-08-03 01:09:55', 2, 15, 'Ethan', 'Young'),
(28, false, '802-225-4544', 'chaikin@yahoo.com', 28, 18, '2018-03-25 19:25:33', 0, 14, 'Avery', 'King'),
(29, false, '219-963-9388', 'gemmell@yahoo.com', 29, 19, '2018-09-14 21:37:19', 0, 10, 'Logan', 'Wright'),
(30, true, '727-253-6423', 'seasweb@live.com', 30, 20, '2018-10-20 02:13:49', 1, 9, 'Aubrey', 'Scott');


insert into real_estate.account_version_history (
    change_id,
    change_dttm,
    account_id, 
    new_online_flg, 
    new_telephone_no,
    new_email,
    new_realtor_id,
    new_complaint_cnt,
    new_transaction_cnt,
    new_first_name,
    new_second_name
) values 
(1, '2020-07-17 16:28:11', 1, true, '254-345-4455', 'arebenti@att.net', null, 0, 1, 'John', 'Smith'), 
(2, '2020-03-07 19:43:53', 2, false, '816-243-7937', 'man@yahoo.com', null, 0, 2, 'Jane', 'Doe'), 
(3, '2019-08-07 18:02:17', 3, false, '267-453-2633', 'codex@live.com', null, 0, 3, 'Jake', 'Williams'),
(4, '2020-08-09 15:38:31', 4, true, '541-339-9071', 'hedwig@icloud.com', null, 0, 3, 'Emma', 'Jones'),
(5, '2020-06-21 09:26:26', 5, false, '615-823-9583', 'mfleming@mac.com', null, 1, 3, 'Noah', 'Brown'), 
(6, '2019-02-04 00:34:28', 6, false, '218-557-3464', 'piterski@yahoo.ca', null, 0, 2, 'Olivia', 'Davis'), 
(7, '2019-01-05 20:59:03', 7, true, '909-786-4527', 'vganesh@optonline.net', null, 1, 4, 'Liam', 'Miller'), 
(8, '2019-10-06 03:47:28', 21, true, '218-793-3727', 'isorashi@me.com', null, 0, 2, 'Benjamin', 'Clark'),
(9, '2019-06-03 17:42:30', 22, true, '906-873-8017', 'ullman@verizon.net', null, 1, 2, 'Harper', 'Rodriguez'),
(10, '2020-10-01 14:24:49', 23, false, '714-396-3626', 'wainwrig@msn.com', null, 0, 3, 'Joshua', 'Lewis');


insert into real_estate.apartment (
    apartment_id, 
    apartment_type, 
    total_area_amt, 
    living_area_amt, 
    kitchen_area_amt, 
    apartment_address, 
    flat_cnt, 
    balcony_cnt
) values 
(1, 'Квартира', 76, 50, 15, 'Мясницкая ул., 10, Москва, 138944', 3, 1),
(2, 'Квартира', 100, 63, 22, 'Пречистенский пер., 93, Москва, 171224', 4, 2),
(3, 'Дача', 450, 360, 72, 'Московская область, Истра городской округ, Гринфилд коттеджный поселок, 90', 7, 3),
(4, 'Квартира', 37, 20, 12, 'Саринский пр-д, 77, Москва, 180934', 1, 0),
(5, 'Квартира', 73, 57, 15, 'Гагаринский пер., 30, Москва, 131215', 3, 1),
(6, 'Коттедж', 360, 290, 50, 'Московская область, Истра городской округ, Монтевиль коттеджный поселок', 6, 3),
(7, 'Квартира', 41, 22, 14, 'Хрущевский пер., 34, Москва, 174853', 1, 1),
(8, 'Дача', 280, 226, 47, 'Московская область, Дмитровский городской округ, Горшково поселок', 7, 2),
(9, 'Коттедж', 290, 183, 35, 'МО, Истринский район, пос. Северный.', 6, 1),
(10, 'Квартира', 78, 46, 26, 'Малая Бронная ул., 85, Москва, 188301', 3, 1),
(11, 'Квартира', 85, 55, 27, 'ул. Остоженка, 32, Москва, 117261', 4, 2),
(12, 'Квартира', 59, 44, 14, 'Таганская ул., 24, Москва, 133900', 2, 1),
(13, 'Апартмент', 37, 25, 12, 'Малый Черкасский пер., 95, Москва, 135058', 2, 0),
(14, 'Апартмент', 30, 15, 10, 'Климентовский пер., 3, Москва, 166003', 1, 1),
(15, 'Квартира', 86, 46, 26, 'Кропоткинский пер., 97, Москва, 170792', 3, 1),
(16, 'Апартмент', 69, 49, 12, 'Монетчиковский пер., 58, Москва, 145787', 2, 0),
(17, 'Апартмент', 81, 50, 19, 'Овчинниковская наб., 60 стр1, Москва, 13546', 3, 1),
(18, 'Квартира', 89, 63, 21, 'Чистый пер., 68, Москва, 160901', 3, 1),
(19, 'Квартира', 33, 20, 12, 'Климентовский пер., 18, Москва, 193925', 1, 1),
(20, 'Квартира', 50, 30, 17, 'Овчинниковская наб., 69 стр1, Москва, 146992', 1, 0),
(21, 'Квартира', 36, 16, 12, 'Малый Черкасский пер., 52, Москва, 114982', 1, 0),
(22, 'Квартира', 59, 35, 23, 'Монетчиковский пер., 24, Москва, 142165', 2, 0),
(23, 'Дом', 227, 180, 37, 'Московская область, Красногорск городской округ, Петрово-Дальнее село, Петрово-Дальнее коттеджный поселок', 7, 2),
(24, 'Квартира', 35, 26, 11, 'Мясницкая ул., 82, Москва, 16991', 4, 0),
(25, 'Дом', 172, 140, 25, 'МО, Истра городской округ, Арт Хаус коттеджный поселок', 5, 2);


insert into real_estate.announcement (
    announcement_id, 
    apartment_id, 
    apartment_desc, 
    announcement_type, 
    announcement_price_cnt, 
    made_by_realtor_flg, 
    active_flg
) values 
(1, 22, null, 'Продажа', 4480000, false, true),
(2, 17, null, 'Аренда', 70000, true, false),
(3, 23, null, 'Продажа', 23222000, true, false),
(4, 10, null, 'Продажа', 15600000, false, true),
(5, 10, null, 'Продажа', 5470000, false, true),
(6, 24, null, 'Аренда', 100000, false, true),
(7, 10, null, 'Продажа', 17000000, true, true),
(8, 12, null, 'Продажа', 20000000, false, false),
(9, 8, null, 'Продажа', 5700000, false, false),
(10, 21, null, 'Аренда', 50000, true, false),
(11, 19, null, 'Аренда', 75000, false, true),
(12, 8, null, 'Аренда', 80000, true, false),
(13, 16, null, 'Продажа', 3700000, false, true),
(14, 13, null, 'Аренда', 3900000, false, true),
(15, 21, null, 'Продажа', 14000000, false, true),
(16, 2, null, 'Аренда', 78000, true, false),
(17, 17, null, 'Продажа', 6000000, true, false),
(18, 11, null, 'Продажа', 5680000, true, true),
(19, 17, null, 'Аренда', 45000, false, true),
(20, 4, null, 'Продажа', 6930000, false, false),
(21, 10, null, 'Продажа', 8500000, true, true),
(22, 19, null, 'Аренда', 58000, true, true),
(23, 13, null, 'Продажа', 8300000, true, false),
(24, 2, null, 'Аренда', 90000, true, true),
(25, 2, null, 'Продажа', 18500000, false, true),
(26, 14, null, 'Аренда', 60000, false, false),
(27, 22, null, 'Продажа', 9000000, false, true),
(28, 11, null, 'Аренда', 65000, true, true),
(29, 16, null, 'Аренда', 67000, true, true),
(30, 15, null, 'Аренда', 72000, false, false);


insert into real_estate.transaction_history (
    transaction_id, 
    transaction_dttm, 
    apartment_id, 
    seller_id, 
    seller_realtor_id, 
    buyer_id, 
    buyer_realtor_id, 
    transaction_type, 
    transaction_price_cnt
) values 
(1, '2022-05-01 10:00:00', 11, 21, null, 7, 11, 'Аренда', 50000),
(2, '2022-05-02 11:30:00', 2, 24, 4, 29, null, 'Аренда', 60000),
(3, '2022-05-03 09:45:00', 3, 8, 18, 28, 7, 'Продажа', 24000000),
(4, '2022-05-04 14:20:00', 16, 26, null, 12, 20, 'Продажа', 3200000),
(5, '2022-05-05 08:15:00', 13, 7, 3, 22, 19, 'Аренда', 70000),
(6, '2022-05-06 16:00:00', 16, 28, 13, 19, 17, 'Аренда', 80000),
(7, '2022-05-07 13:10:00', 22, 16, null, 14, null, 'Аренда', 55000),
(8, '2022-05-08 09:00:00', 19, 5, 7, 9, 1, 'Аренда', 65000),
(9, '2022-05-09 12:30:00', 21, 17, 11, 30, 6, 'Продажа', 12000000),
(10, '2022-05-10 15:45:00', 13, 14, null, 8, 12, 'Аренда', 75000),
(11, '2022-05-11 11:20:00', 22, 11, 13, 23, 1, 'Аренда', 80000),
(12, '2022-05-12 14:50:00', 8, 21, 13, 7, 19, 'Аренда', 100000),
(13, '2022-05-13 10:15:00', 21, 18, 19, 8, 9, 'Продажа', 100000),
(14, '2022-05-14 12:00:00', 20, 30, 13, 10, 4, 'Продажа', 100000),
(15, '2022-05-15 08:30:00', 21, 30, 13, 16, 20, 'Аренда', 100000),
(16, '2022-05-16 13:40:00', 8, 27, 15, 7, 8, 'Аренда', 130000),
(17, '2022-05-17 10:50:00', 18, 1, 6, 9, 8, 'Продажа', 15000000),
(18, '2022-05-18 15:20:00', 11, 25, 19, 10, 3, 'Аренда', 63000),
(19, '2022-05-19 09:25:00', 20, 22, 3, 8, 2, 'Продажа', 17500000),
(20, '2022-05-20 14:15:00', 15, 30, 14, 3, 10, 'Аренда', 78000),
(21, '2022-05-21 15:25:00', 21, 9, 13, 27, 4, 'Продажа', 11500000),
(22, '2022-05-22 16:15:00', 18, 17, 6, 11, 12, 'Аренда', 87000),
(23, '2022-05-23 17:05:00', 13, 27, null, 15, null, 'Продажа', 8500000),
(24, '2022-05-24 18:10:00', 16, 2, 17, 20, 8, 'Продажа', 9000000),
(25, '2022-05-25 17:15:00', 11, 25, 17, 27, 20, 'Продажа', 10000000),
(26, '2022-05-26 16:15:00', 4, 3, 1, 14, 8, 'Аренда', 54000),
(27, '2022-05-27 14:10:00', 20, 25, null, 5, null, 'Аренда', 70000),
(28, '2022-05-28 13:15:00', 2, 22, null, 8, 16, 'Продажа', 12500000),
(29, '2022-05-29 12:45:00', 8, 18, 9, 17, 14, 'Продажа', 17000000),
(30, '2022-05-30 11:30:00', 5, 4, 1, 20, 13, 'Аренда', 85000);
